{"stats":{"minecraft:dropped":{"minecraft:wooden_hoe":1,"minecraft:glass_bottle":1,"minecraft:wooden_shovel":1,"minecraft:gold_nugget":1,"lucky:lucky_potion":9},"minecraft:picked_up":{"minecraft:lingering_potion":1,"minecraft:slime_spawn_egg":1,"minecraft:iron_chestplate":1,"minecraft:wheat":7,"minecraft:leather_chestplate":1,"minecraft:milk_bucket":3,"minecraft:splash_potion":1,"minecraft:strider_spawn_egg":1,"minecraft:leather_leggings":1,"minecraft:pig_spawn_egg":1,"minecraft:diamond_sword":1,"minecraft:oak_pressure_plate":1,"minecraft:poisonous_potato":6,"minecraft:potato":9,"minecraft:dropper":1,"minecraft:potion":3,"minecraft:enchanted_book":8,"minecraft:gunpowder":1,"minecraft:magma_cube_spawn_egg":1,"minecraft:wooden_hoe":1,"minecraft:dragon_egg":1,"minecraft:string":2,"minecraft:leather_helmet":1,"lucky:lucky_bow":2,"lucky:lucky_potion":32,"minecraft:wither_skeleton_spawn_egg":1,"minecraft:leather_boots":1,"lucky:summer_lucky_potion":1,"minecraft:diamond_shovel":1,"minecraft:sugar":1,"minecraft:diamond":40,"minecraft:slime_block":3,"lucky:lucky_sword":2,"minecraft:diamond_boots":2,"minecraft:diamond_axe":1,"minecraft:cooked_chicken":6,"minecraft:golden_apple":1,"minecraft:wolf_spawn_egg":1,"minecraft:wooden_shovel":1,"minecraft:poppy":1,"minecraft:baked_potato":31,"minecraft:enchanted_golden_apple":1,"minecraft:egg":6},"minecraft:killed_by":{"minecraft:creeper":1,"minecraft:zombie":2},"minecraft:mined":{"lucky:summer_lucky_block":26,"minecraft:slime_block":3,"lucky:lucky_block":48},"minecraft:custom":{"minecraft:time_since_rest":4702,"minecraft:sprint_one_cm":389,"minecraft:damage_taken":4133,"minecraft:walk_one_cm":2344,"minecraft:mob_kills":1,"minecraft:drop":5,"minecraft:damage_dealt":17,"minecraft:fly_one_cm":35580,"minecraft:play_one_minute":51112,"minecraft:crouch_one_cm":2970,"minecraft:deaths":10,"minecraft:sneak_time":2126,"minecraft:walk_under_water_one_cm":4330,"minecraft:jump":18,"minecraft:leave_game":12,"minecraft:time_since_death":4670,"minecraft:walk_on_water_one_cm":473,"minecraft:fall_one_cm":384},"minecraft:used":{"minecraft:dragon_egg":1,"minecraft:potion":1}},"DataVersion":2586}